paper	cv_over_edges	testedges_removed_from_encoder_graph	negative_sampling_category	negative_sampling_text	model_free_baseline	quote_D1	quote_D2	quote_D3	quote_D4	source_retrieved
MGCNSS	yes	unclear	non_uniform	Distance-based (cosine and Euclidean) selection of reliable negatives from unlabeled pairs; ratios 1:1, 1:5 and 1:10 evaluated	no	MGCNSS divides the positive and selected negative samples into five folders randomly and performs the 5-CV experiment.	NA - no statement about what happens to the graph/adjacency/similarity matrices at the split	we propose a distance-based negative sample selection strategy including cosine distance and Euclidean distance to select reliable negative samples.	Table 1 caption: The evaluation results of MGCNSS and baseline methods with 1:1 ratios on AUC, ACC and AUPR metrics. -- baselines are SVM, RF, XGBoost, GCN, GAT, DTIGAT, DTICNN, NeoDTI, MSGCL, AMHMDA, GATMDA, all trained	full_text
HybridGNN	yes	yes	uniform_unlabeled	Negative edges dynamically sampled during training at 0.2 ratio of total negative associations; fixed 0.1 ratio at evaluation	no	The edges were split into 80% training, 10% validation, and 10% test sets, to evaluate the model ability to predict unseen association.	To ensure rigorous training and evaluation, we employed the RandomLinkSplit function to split edges.	negative edges are dynamically sampled at a 20% (0.2 ratio) of the total negative association during training	Compared methods are IMCMDA, GCAEMDA, MINIMDA, MTLMDA, VMTMDA, AMHMDA, MDformer, HGTMDA, GONNMDA - all trained models, no parameter-free topological score	full_text
HGDTI	yes	unclear	non_uniform	Reliable-negative screening: unknown pairs scored by drug/target similarity, ranked, high-scoring ones taken as negatives; negatives 10x positives	no	The dataset is divided into 10 non-overlapping subsets according to the ratio (i.e. 1:10) of positive and negative samples in the original data set, 9 subsets are used as the training set and the remaining 1 subset is used as the test set.	NA - no statement about removing test interactions from the heterogeneous graph used for embedding learning	The negative candidate pairs are arranged in descending order according to the reliable score calculated by the above formula, and the high score is selected as the reliable negative DTIs.	We compare the performance of HGDTI with six predictive models, including NeoDTI, DTINet, MSCMF, NetLapRLS and BLMNII. - all trained models	full_text
NIMGSA	unclear	unclear	all_unlabeled	Paper never uses the word negative; training minimises a Frobenius reconstruction loss over the whole association matrix Y, so every non-positive entry acts as a zero target; no sampling described	no	We adopt five-fold cross validation to evaluate the performance - the paper never states what unit is divided into folds	NA - no statement about masking association-matrix entries or removing test edges before message passing	min_W 1/2 ||Y-T||_F^2 + beta*Lr + lambda*||W||_F^2 with Lr = alpha||Y-Fm||_F^2 + (1-alpha)||Y-Fd^T||_F^2 (loss taken over the full matrix Y)	We compare our proposed method, NIMGSA, with other five state-of-the-art methods: IMCMDA, SPM, NIMCGCN, MCLPMDA, GAEMDA - none is an enumerated parameter-free topological score; SPM is described only as a structural perturbation method-based approach with no statement that it is untrained	full_text
NGCN	yes	yes	uniform_unlabeled	Randomly sampled unknown drug-target pairs as negatives, 10x the number of positives	no	we first performed 10-fold cross-validation on all positive pairs and a set of randomly sampled negative pairs	For each fold, a randomly chosen subset of 90% positive and negative pairs was used as training data to construct the heterogeneous networks and then train the parameters of NGCN, and the remaining 10% positive and negative pairs were held out as the test set.	a set of randomly sampled negative pairs, whose number was 10 times as many as that of positive samples	Table 2 caption: The AUC values of six existing methods and our proposed method on the four datasets using 10-fold cross-validation. Methods: NetLapRLS, BLMNII, HNM, DTINet, MOLIERE, NeoDTI - all trained predictors	full_text
kmerPMTF	yes	unclear	uniform_unlabeled	All unconfirmed miRNA-target pairs form the negative pool; an equal number is randomly drawn for training (1:1), the remaining negatives all go to the test set	no	We categorize all recognized miRNA-target pairs as the positive dataset and evenly divide them into five portions.	NA - the graph is said to be constructed based on miRNA-target associations but the text never relates that construction to the fold split	All such unspecified miRNA-target associations constitute the negative dataset. ... an equivalent number of randomly chosen negative examples as the training set	Figure 2 caption: The performances of kmerPMTF compare with other methods in terms of AUPRC, AUROC, PRE, REC, F1 and ACC - compared methods MiRTDL, dgMDL, SG-LSTM-FRAME, MeSHHeading2vec, GAT, Adaboost, SVM-SVC, random forest are all trained	full_text
Orro (single-author)	no	yes	uniform_unlabeled	Negatives randomly sampled from miRNA-disease pairs not reported in HMDD; train negatives restricted to training miRNAs, validation negatives to validation miRNAs	no	In each fold, the set of miRNAs is randomly divided into a training and a validation subset.	For the separation of miRNA-disease edges, all associations involving validation miRNAs are removed from the training graph, and symmetrically, all associations involving training miRNAs are removed from the validation graph.	Negative samples are not defined as all unknown associations, but are instead randomly sampled from miRNA-disease pairs not reported in HMDD, following a standard negative sampling strategy for association prediction tasks.	Table 2 caption: Comparison of different machine learning approaches proposed in the literature reported from [46]. Rows: SVM, GBDT, RF, XGBoost, ELMDA, MDA-CF, TCRWMDA, WBSMDA, ABMDA, ICFMDA - no enumerated parameter-free topological score	full_text
CoupleMDA (Li et al.)	yes	yes	uniform_unlabeled	Negatives sampled from node pairs with no existing edge, 1:1 ratio	no	For data partitioning, we randomly divided all existing edges (positive samples) in the dataset into training, validation, and test sets with a ratio of 75:10:15.	To prevent information leakage, the training graph only contained positive edges from the training set, while positive edges in the validation and test sets were removed from the graph during training.	Negative samples were sampled from node pairs that did not have any existing edges in the graph at a 1:1 ratio.	Table 3 caption: Experiment results (%) on the test set of Zous dataset for the MDA link prediction task. Baselines GATNE, HetGNN, Simple-HGN, HAN, MAGNN, NCNC, HGCNMDA, MHGTMDA are all trained models	full_text
GONNMDA (Zeng et al.)	yes	unclear	uniform_unlabeled	Equal number of non-associated pairs drawn by random negative sampling against 15,186 validated associations (1:1)	no	For example, five-fold cross-validation divides the dataset into five equal subsets, or folds, with one fold used for validation and the remaining four used for training. -- the dataset being split is the set of 15,186 associations plus an equal number of sampled negative pairs	NA - no sentence relates adjacency/similarity-matrix construction to the fold split	After filtering, we identified 15,186 unique experimentally validated associations and selected an equal number of non-associated pairs through random negative sampling as negative samples.	Table 1 caption: Comparison with the state-of-the-art method on HMDD v3.2 dataset. Baselines NIMCMDA, GCAEMDA, MINIMDA, MTLMDA, MVMTMDA, AMHMDA, MDformer, HGTMDA are all trained models	full_text
DiGAMN (Liu et al.)	yes	yes	uniform_unlabeled	Equal number of miRNA-disease pairs with no recorded association drawn at random for the balanced setting; imbalanced settings use N times as many unknown edges (1:5, 1:10)	no	we selected all known association edges in the dataset as positive samples and chose N times the number of unknown association edges as negative samples	We masked 20% of the association information during cross-validation in the test set to prevent information leakage.	we randomly selected an equal number of miRNA-disease pairs with no recorded associations as negative samples to ensure sample balance	Compared methods MINIMDA, TDRC, AEMDA, GRPAMDA, HFHLMDA, CGHCN, AMHMDA, EGPMDA, MSHGANMDA, MGADAE and GNN baselines HGT, HAN, GCN, GAE, GraphSAGE, GAT are all trained models	full_text
DGNMDA (Lu et al.)	yes	unclear	uniform_unlabeled	Random undersampling of 0-labeled (unknown) pairs to an equal count as positives (1:1)	no	First, we split the data into training and testing subsets in an 8:2 proportion to assess the models generalization ability.	NA - no sentence states whether test associations are removed from the adjacency or similarity matrices	To tackle the uneven data distribution, we perform undersampling on the negative samples. Specifically, we equalize the dataset by randomly choosing an equivalent count of 0-labeled instances.	Table 1 caption: Comparative evaluation of alternative approaches. Baselines NIMCGCN, AGAEMD, HGANMDA, MAGCN, AMHMDA are all trained models	full_text
HLGNN-MDA (Yu et al.)	yes	yes	uniform_unlabeled	5430 known associations as positives and a random sample of the same number of candidate associations as negatives (1:1)	no	The dataset with the positive and negative samples together was then randomly divided into ten parts. One copy of each round was selected as the test set, and the remaining nine copies were used as the training set.	In each round, HLGNN-MDA removed the positive samples in the test set from the adjacency matrix.	HLGNN-MDA used 5430 known miRNA-disease associations as positive samples and a random sample of the same number of candidate associations as negative samples.	Baselines in the comparison table are BLHARMDA, BNPMDA, IMCMDA, LFEMDA, MKRMDA - none is a parameter-free topological score of the enumerated kinds	full_text
MEAHNE (Huang et al.)	yes	unclear	uniform_unlabeled	Verified links are positives, all others negatives; sets built by random sampling without repetition at a 1:1 positive-to-negative ratio	no	We split the dataset into training (70%), validation (10%), and test (20%) sets using a random sampling method without repetition.	NA - no sentence relates the construction of the heterogeneous graph or its metapath subgraphs to the split	The links that are verified from the databases in our dataset are positive samples, and the others are negative samples. ... The ratio of positive-to-negative samples in all sets is 1:1.	Table 3 caption: Model evaluation. Rows Metapath2vec, GAT, HAN, GAEMDA, MAGNN, HECO are all trained embedding or neural models	full_text
CKSNP-GNN (Li et al.)	yes	unclear	uniform_unlabeled	16,427 experimentally verified pairs as positives and 16,427 negatives randomly selected from the unknown associations (1:1)	no	We divided the miRNA-disease associations into five sets, set one as the test set and the other four as the training set, and received five prediction results.	NA - the split is stated only over associations; no sentence says what happens to adjacency matrix A, the GIP similarity matrices, or the bipartite graph at the split	In order to balance the positive and negative samples, 16,427 negative samples were randomly selected from the unknown associations in the subsequent experiments.	Table 1 caption: Comparative analysis of our model and related models. Rows PBMDA, LLCMDA, EDTMDA, GBDTLR, MCLPMDA, GAEMDA - none is an enumerated parameter-free topological score	full_text
HMCDA (Liang et al.)	yes	unclear	uniform_unlabeled	Negatives are node pairs that are not linked; 5 negative node pairs randomly sampled per positive pair in the training set (1:5)	no	All CDAs are divided into five subsets of equal size, with each subset selected in turn for testing and other four subsets for training.	NA - the heterogeneous graph is said to be constructed from the dataset for subsequent model training, but no sentence states whether test CDAs are removed from it	We define the negative samples as those nodes that are not linked together. In the training set, we randomly sample 5 different negative node pairs for each positive node pair.	Table 2 caption: AUCs of HMCDA under fivefold cross validation compared with four previous models - GATCL2CD, iCircDA-MF, GCNCDA, GATNNCDA, all trained models	full_text
HiGLDP (Wang et al.)	yes	unclear	not_described	Positive and negative lncRNA-disease pairs at a 1:1 ratio; the paper never states how the negative pairs were obtained	no	All methods were trained on identical sets of positive and negative lncRNA-disease pairs with a 1:1 ratio and evaluated using both fivefold and tenfold cross-validation, where the test associations were strictly excluded from the training folds.	NA - exclusion is stated only of the training folds and the training process; nothing says test associations are dropped from the GIP similarity matrices, the stratified interaction graph or the association feature graph	All methods were trained on identical sets of positive and negative lncRNA-disease pairs with a 1:1 ratio	Table 2 caption: Performance of computational models in predicting LncRNA-disease associations. Rows GANLDA, SIMCLDA, DMFLDA, GCRFLDA, gGATLDA, GMCLDA, VGAELDA, GraLTR-LDA, NAGTLDA are all trained; RWR appears only inside the pipeline to refine similarity matrices, not as a compared predictor	full_text
GPS-DTI (Xiong et al.)	yes	unclear	uniform_unlabeled	Negatives constructed by excluding positive interactions and randomly selecting negatives at 1x, 5x, 10x, 15x and 20x the positives; benchmark datasets supply their own negatives	no	Specifically, for all benchmark datasets, 10% of the data is first divided into independent test sets, and the remaining 90% of the data is further divided into quintuplets for five-fold cross-validation.	NA - the encoder consumes drug molecular graphs and protein sequences rather than a DTI adjacency, and the paper makes no statement about held-out interactions in any propagated structure	Negative samples were constructed by excluding positive interactions and randomly selecting negatives at ratios of 1x, 5x, 10x, 15x, and 20x relative to the positive samples.	we compared it against existing models, including SVM, RF, GraphDTA, DeepConvDTI, TransformerCPI, MolTrans, HyperAttDTI, DrugBAN, and CAT-DTI - SVM and RF are trained, so no parameter-free predictor appears	full_text
SaeGraphDTI (Zhang et al.)	yes	yes	all_unlabeled	All DTIs in the dataset are positives and every remaining drug-target pair is a negative (Davis obtained by thresholding affinity at 5.0); the DrugBank case study instead generates an equal number of random negatives	no	Every dataset was randomly shuffled to ensure each subset did not have a continuous distribution and then divided into five approximately equal folds without overlap. In each round, one fold was used as the test set and the remaining four folds as the training set.	The construction of the Drug-Drug approximate network and the Target-Target approximate network is based on the calculation of existing drug-target interaction pairs, including all interaction pairs in the calculation could result in the models performance being artificially inflated compared to the actual real-world performance. Therefore, the set of drug-target interaction pairs involved in constructing the approximate network is defined as B, with the number of elements in B being less than the total number of interaction pairs in A.	Considering all DTIs in the dataset as positive examples and the rest as negative examples, the relevant data distribution is shown in Table 1.	To test SaeGraphDTI, we compared it with classic machine learning models RF and SVM, as well as several widely cited DTI prediction models from recent years (MolTrans, HyperAttentionDTI, MCANet) - RF and SVM are trained, so no parameter-free predictor appears	full_text
DTI-MHAPR (Yang et al.)	yes	unclear	uniform_unlabeled	All known drug-target associations labelled positive and an equal number of randomly selected pairs labelled negative (1:1)	no	We then used five-fold cross-validation, with 80% of the samples for training and 20% for testing.	NA - the heterogeneous graph is built from similarity matrices and known DTIs information, with no statement that test DTIs are withheld from it	To mitigate noise and ensure dataset balance, we labeled all known drug-target protein associations as positive 1 and randomly selected an equal number of negative samples, labeling them as 0.	Table 2 and Table 3 compare against MNGACDA, GATECDA, MINIMDA, HFHLMDA, CGHCN, MIDTI, DTI-CNN and an FSI heterogeneous-network method - all trained predictors	full_text
iNGNN-DTI (Sun et al.)	yes	unclear	uniform_unlabeled	BIOSNAP supplies only positives, so unseen drug-target pairs are randomly sampled as negatives in equal number (1:1); Davis and KIBA ship with their own negatives	no	Each dataset is split into train, validation, and test sets in the ratio 7:1:2.	NA - the encoder is a nested GNN over drug molecular graphs and AlphaFold2 protein structure graphs, and no statement is made about held-out interactions in any propagated structure	Only positive pairs are provided by the BIOSNAP dataset, and we randomly sample unseen drug-target pairs with the same number of positive pairs as in the negative samples.	Table 4 compares DeepDTA, Moltrans, ML-DTI and DGraphDTA (Alphafold2) - all trained deep models	full_text
ModulePred (Jia et al.)	yes	unclear	uniform_unlabeled	Negatives randomly selected from all unconnected disease-gene pairs at 50 times the number of positives	yes	To validate the effectiveness of our method, we conducted a tenfold cross validation on the 130,820 curated associations.	NA - the heterogeneous module network is built from disease-gene associations, augmented PPIs and protein complexes with no statement that test associations are withheld	During the training phase, negative samples were randomly selected from all unconnected pairs between diseases and genes. ... the number of negative samples was set to be 50 times greater than the number of positive samples.	we compared ModulePred with three state-of-the-art methods including DADA, RWR, RWRH, Dgn2vec and HerGePred - RWR and RWRH are parameter-free random-walk-with-restart predictors evaluated on the same task in Fig. 2 (note: L3, RA and AA appear only inside the pipeline as graph augmentation, which does not count)	full_text
