paper	venue_year	task	cv_over_edges	testedges_removed_from_encoder_graph	negative_sampling	model_free_baseline	mf_comparator	mf_margin	counted_as_paper	headline_auroc	url	evidence_quote
MGCNSS	Briefings in Bioinformatics 2024	miRNA-disease	yes	no	distance-based selection (paper's own contribution)	no			yes	0.9874	https://academic.oup.com/bib/article/25/3/bbae168/7645839	MGCNSS divides the positive and selected negative samples into five folders randomly and performs the 5-CV experiment; graph structure from similarity matrices remains unchanged
NIMGSA	2022	miRNA-disease	unclear	unclear	all unlabeled pairs treated as negative (implicit: reconstruction loss over the full matrix)	yes	SPM (structural perturbation method)	0.0394	yes	0.9354	https://pmc.ncbi.nlm.nih.gov/articles/PMC8774034/	We adopt five-fold cross validation to evaluate the performance - no statement on whether held-out associations are masked from the adjacency matrix
HybridGNN	Bioinformatics 2026	miRNA-disease	yes	yes	uniform random from unknown pairs	no			yes	0.9715	https://academic.oup.com/bioinformatics/article/42/5/btag171/8586881	"edges were split into 80% training, 10% validation, and 10% test sets using PyG RandomLinkSplit; ""negative edges are dynamically sampled at a 20% (0.2 ratio)"""
HGDTI	BMC Bioinformatics 2022	drug-target	yes	unclear	reliable score-filtered (non-uniform)	no			yes	0.979	https://pmc.ncbi.nlm.nih.gov/articles/PMC9004085/	10-fold CV; heterogeneous network retains held-out test interactions during message passing; negatives filtered by reliability score > 0.1
NGCN	2024	drug-target	yes	yes	uniform random from unknown pairs, 1:10	yes	HNM (heterogeneous network model, Wang et al. Bioinformatics 2014)	0.017	yes	0.910	https://pmc.ncbi.nlm.nih.gov/articles/PMC10955156/	"10-fold cross-validation on all positive pairs and a set of randomly sampled negative pairs; ""a drug-target pair with an unknown interaction is generally viewed as a negative sample"""
kmerPMTF	PeerJ 2024	plant miRNA-target	yes	unclear	all unlabeled pairs, count-matched	no			yes	0.80-0.91	https://www.ncbi.nlm.nih.gov/pmc/articles/PMC11122044/	"similarity matrices computed only from the training split before constructing the heterogeneous graph; ""All such unspecified miRNA-target associations constitute the negative dataset"""
DTI field convention	multiple	drug-target	yes	NA	unlabeled pairs as negatives, typically 10x positives	NA			no	NA	https://pmc.ncbi.nlm.nih.gov/articles/PMC10955156/	a drug-target pair with an unknown interaction is generally viewed as a negative sample
Orro (single-author)	Biomedicines 2026	miRNA-disease	no	yes	uniform random from unannotated pairs	yes	TCRWMDA (three-layer heterogeneous network + unbalanced random walk); also WBSMDA and ICFMDA	5.01	yes	~0.98	https://pmc.ncbi.nlm.nih.gov/articles/PMC12938369/	"For the separation of miRNA-disease edges, all associations involving validation miRNAs are removed from the training graph, and symmetrically, all associations involving training miRNAs are removed from the validation graph.; ""Negative samples are not defined as all unknown associations, but are instead randomly sampled from miRNA-disease pairs not reported in HMDD"""
CoupleMDA (Li et al.)	IJMS 2025	miRNA-disease	yes	yes	uniform random, 1:1	no			yes	0.9536 (Table 3)	https://pmc.ncbi.nlm.nih.gov/articles/PMC12112494/	"we randomly divided all existing edges (positive samples) in the dataset into training, validation, and test sets with a ratio of 75:10:15; ""Negative samples were sampled from node pairs that did not have any existing edges in the graph at a 1:1 ratio.""; ""AUC: 95.36 +/- 0.35"" vs. NCNC baseline 94.96% (Table 3)"
GONNMDA (Zeng et al.)	Genes 2025	miRNA-disease	yes	unclear	uniform random, 1:1	no			yes	0.9541	https://pmc.ncbi.nlm.nih.gov/articles/PMC12027447/	"we perform both five-fold and ten-fold cross-validation; ""selected an equal number of non-associated pairs through random negative sampling as negative samples"""
DiGAMN (Liu et al.)	BMC Genomics 2024	miRNA-disease	yes	yes	uniform random, ratios 1:1/1:5/1:10	no			yes	0.9635	https://pmc.ncbi.nlm.nih.gov/articles/PMC11610307/	"We masked 20% of the association information during cross-validation in the test set to prevent information leakage.; ""we randomly selected an equal number of miRNA-disease pairs with no recorded associations as negative samples"""
DGNMDA (Lu et al.)	Bioengineering 2024	miRNA-disease	yes	unclear	uniform random from 0-labeled pairs, 1:1	no			yes	0.9455 (mean of 5 folds)	https://pmc.ncbi.nlm.nih.gov/articles/PMC11591469/	"To tackle the uneven data distribution, we perform undersampling on the negative samples.; ""we utilize 5-fold CV"""
HLGNN-MDA (Yu et al.)	IJMS 2022	miRNA-disease	yes	yes	uniform random, 1:1	yes	BNPMDA (bipartite network projection)	0.07438	yes	0.93086 (10-fold CV, hop4, Table 1)	https://pmc.ncbi.nlm.nih.gov/articles/PMC9657597/	"The training set extracts known associations as positive samples and randomly samples an equal number of potential associations as negative samples.; ""In each round, HLGNN-MDA removed the positive samples in the test set from the adjacency matrix.""; ""The dataset with the positive and negative samples together was then randomly divided into ten parts."""
MEAHNE (Huang et al.)	Life 2022	miRNA-disease	yes	unclear	uniform random, 1:1	no			yes	0.9520 (Table 3)	https://pmc.ncbi.nlm.nih.gov/articles/PMC9655430/	We split the dataset into training (70%), validation (10%), and test (20%) sets using a random sampling method without repetition. The ratio of positive-to-negative samples in all sets is 1:1.; MEAHNE AUC 95.20 vs. HECO 93.00, MAGNN 92.93, HAN 92.35 (Table 3)
CKSNP-GNN (Li et al.)	Genes 2022	miRNA-disease	yes	unclear	uniform random, 1:1 (16,427 negatives)	yes	LLCMDA (locality-constrained linear coding + label propagation); PBMDA (path-based model) is the other untrained row	1.81	yes	0.9371 (5-fold CV mean, Table 1)	https://pmc.ncbi.nlm.nih.gov/articles/PMC9602123/	"In order to balance the positive and negative samples, 16,427 negative samples were randomly selected from the unknown associations; ""Five-fold cross validation was selected to evaluate the performance of the model.""; ""achieved an average area under the curve (AUC) of 93.71 +/- 0.42%"""
HMCDA (Liang et al.)	BMC Bioinformatics 2023	circRNA-disease	yes	unclear	uniform random, 5:1	no			yes	0.9135	https://pmc.ncbi.nlm.nih.gov/articles/PMC10494331/	"the fivefold cross validation method is used; ""we randomly sample 5 different negative node pairs for each positive node pair"""
HiGLDP (Wang et al.)	BMC Biology 2026	lncRNA-disease	yes	unclear	not described (1:1 ratio stated, origin of the negatives not)	no			yes	0.9696	https://pmc.ncbi.nlm.nih.gov/articles/PMC13032502/	All methods were trained on identical sets of positive and negative lncRNA-disease pairs with a 1:1 ratio and evaluated using both fivefold and tenfold cross-validation, where the test associations were strictly excluded from the training folds.
GPS-DTI (Xiong et al.)	BMC Biology 2025	drug-target	yes	not_applicable	balanced dataset, equal pos/neg (curation method unclear; the COVID-19 arm samples randomly at 1-20x)	no			yes	not extracted (multi-dataset table)	https://pmc.ncbi.nlm.nih.gov/articles/PMC12659342/	we use a five-fold cross-validation approach; baselines are SVM, RF, GraphDTA, DeepConvDTI, TransformerCPI, MolTrans, HyperAttDTI, DrugBAN, CAT-DTI -- all learned, none model-free
SaeGraphDTI (Zhang et al.)	BMC Bioinformatics 2025	drug-target	yes	yes	all unlabeled pairs treated as negative (not sampled)	no			yes	not extracted	https://pmc.ncbi.nlm.nih.gov/articles/PMC12265306/	"Considering all DTIs in the dataset as positive examples and the rest as negative examples; ""We employed five-fold cross-validation as our evaluation method."""
DTI-MHAPR (Yang et al.)	BMC Bioinformatics 2025	drug-target	yes	unclear	uniform random, 1:1	unclear	FSI (heterogeneous network propagation with forward similarity integration) -- named as compared, but no number printed		yes	not extracted	https://pmc.ncbi.nlm.nih.gov/articles/PMC11726937/	"we labeled all known drug-target protein associations as positive 1 and randomly selected an equal number of negative samples; ""five-fold cross-validation, with 80% of the samples for training and 20% for testing"""
iNGNN-DTI (Sun et al.)	Bioinformatics 2024	drug-target	yes	not_applicable	uniform random, 1:1	no			yes	0.931-0.934 (Davis/BIOSNAP)	https://pmc.ncbi.nlm.nih.gov/articles/PMC10957515/	"we randomly sample unseen drug-target pairs with the same number of positive pairs as in the negative samples; ""Each dataset is split into train, validation, and test sets in the ratio 7:1:2."""
ModulePred (Jia et al.)	BMC Bioinformatics 2024	gene-disease	yes	unclear	uniform random, 50:1	yes	RWR and RWRH (random walk with restart, plain and on the heterogeneous network); DADA also qualifies		yes	0.834	https://pmc.ncbi.nlm.nih.gov/articles/PMC11549817/	"the number of negative samples was set to be 50 times the positives; L3 score is used only for network data augmentation (""we initiate the process by conducting data augmentation on the protein interaction network through L3-based link prediction algorithms"") and does not appear in any results/comparison table -- compared baselines are DADA, RWR, RWRH, Dgn2vec, HerGePred, all learned"
